fullname,sex,age,grade,,,,,,,,,,,,,,,,,,
Abenezer Yohanan Mola,M,7,1B,,,,,,,,,,,,,,,,,,
Amanuel Maru Seyum,M,7,1B,,,,,,,,,,,,,,,,,,
Amanuel Solomon Gebru,M,7,1B,,,,,,,,,,,,,,,,,,
Amanuel Tayework Gadisa,M,7,1B,,,,,,,,,,,,,,,,,,
Barnabas Habtamu Feye  (N),M,7,1B,,,,,,,,,,,,,,,,,,
Bitaniya Fasile Kifle,F,7,1B,,,,,,,,,,,,,,,,,,
"Dagime Haftu Atsibaha  
",M,7,1B,,,,,,,,,,,,,,,,,,
"Danat Mesfin Tegenu
",F,7,1B,,,,,,,,,,,,,,,,,,
"Efrata Fikadu Wogayhu
",F,7,1B,,,,,,,,,,,,,,,,,,
Eldana Derese Abebe (Staffe),F,7,1B,,,,,,,,,,,,,,,,,M,23
Eldana Yifru Gezmu (Staffe),F,7,1B,,,,,,,,,,,,,,,,,F,25
"Eyerusalem Eshetu Sugebo
",F,7,1B,,,,,,,,,,,,,,,,,Total,48
Eyob Besufekad Berhay  (N),M,7,1B,,,,,,,,,,,,,,,,,,
Eyosiyas Yirgalem Nigatu ,M,7,1B,,,,,,,,,,,,,,,,,,
Haset Zeray Kebede,F,7,1B,,,,,,,,,,,,,,,,,,
Haymanot  Adane Asres,F,7,1B,,,,,,,,,,,,,,,,,,
Jinonus Haile Geletu,M,7,1B,,,,,,,,,,,,,,,,,,
Kebron Beshawurede Mengistu,F,7,1B,,,,,,,,,,,,,,,,,,
"Kidus Mindaye Heyi
",M,7,1B,,,,,,,,,,,,,,,,,,
Leleyan Taye Tesema,F,7,1B,,,,,,,,,,,,,,,,,,
"Madan Henok Tagen
",F,7,1B,,,,,,,,,,,,,,,,,,
Markan Desalegn Legesse  (N),F,6,1B,,,,,,,,,,,,,,,,,,
"Markan Tesfaye Wubshet
",F,7,1B,,,,,,,,,,,,,,,,,,
Markan Teshome Mola  (N),F,7,1B,,,,,,,,,,,,,,,,,,
Meklet Ashenafi Yehualashet,F,7,1B,,,,,,,,,,,,,,,,,,
Meklit Sisay Gudeta,F,7,1B,,,,,,,,,,,,,,,,,,
Meron Yinges Alene,F,7,1B,,,,,,,,,,,,,,,,,,
"Michael Yohannes Debay
",M,7,1B,,,,,,,,,,,,,,,,,,
"Mihret Endawk Tsgaw 
",M,6,1B,,,,,,,,,,,,,,,,,,
"Natanim Ashenafi Bekele
",M,7,1B,,,,,,,,,,,,,,,,,,
Oliyad Abera Lemma, M,7,1B,,,,,,,,,,,,,,,,,,
Redit Getu Taddese (Staffe),F,7,1B,,,,,,,,,,,,,,,,,,
Robsen Kassaye Abdisa ,M,7,1B,,,,,,,,,,,,,,,,,,
"Rodas Mesfin Tegenu 
",F,7,1B,,,,,,,,,,,,,,,,,,
"Ruth Leul Tilahun
",F,7,1B,,,,,,,,,,,,,,,,,,
"Semren Tadesse Mulugeta
",F,7,1B,,,,,,,,,,,,,,,,,,
"Tsinukal Addisalem Gebeyhu
",F,7,1B,,,,,,,,,,,,,,,,,,
Tsiyon Gezahgne Tsaga ,F,7,1B,,,,,,,,,,,,,,,,,,
Yabetse Yalew Engdayehu  (N),M,6,1B,,,,,,,,,,,,,,,,,,
Yabsira Genene Wendmu,M,7,1B,,,,,,,,,,,,,,,,,,
Yeab Getitye Mengistu  (N),M,6,1B,,,,,,,,,,,,,,,,,,
"Yeabsira Zerihun Tesfaye
",F,7,1B,,,,,,,,,,,,,,,,,,
Ymanuel Alemu Anbse,M,7,1B,,,,,,,,,,,,,,,,,,
"Yohannes  Endalelegn Awok
",M,7,1B,,,,,,,,,,,,,,,,,,
Yonas Girum  Seyoum ,M,7,1B,,,,,,,,,,,,,,,,,,
"Yonatan Mamush Bedada
",M,7,1B,,,,,,,,,,,,,,,,,,
Yonatan Samuel Abi,M,7,1B,,,,,,,,,,,,,,,,,,
Yordoanos Endalelegn Awork,M,7,1B,,,,,,,,,,,,,,,,,,
