fullname,sex,age,grade,,,,,,,,,,,,,,,,,,,
Abem Shewangzaw Tariku ,M,9,3A,,,,,,,,,,,,,,,,,,,
Abigiya Tamerat Keno,F,9,3A,,,,,,,,,,,,,,,,,,,
Abubeker Sherefa Mohammed,M,9,3A,,,,,,,,,,,,,,,,,,,
Amen Alem Areya ,F,9,3A,,,,,,,,,,,,,,,,,,M,23
Amina Mursel Weley ,F,9,3A,,,,,,,,,,,,,,,,,,F,23
Amran Yonas Mesfen ,F,9,3A,,,,,,,,,,,,,,,,,,Total,46
Bekam Motuma  Terfasa,M,9,3A,,,,,,,,,,,,,,,,,,,
Bekam Negassa Biratu,M,9,3A,,,,,,,,,,,,,,,,,,,
Bereket Gezahegn W/Senbet,M,9,3A,,,,,,,,,,,,,,,,,,,
Berket Fikru Getachew,M,9,3A,,,,,,,,,,,,,,,,,,,
Biruk Geletu Fekadu,M,9,3A,,,,,,,,,,,,,,,,,,,
Dagim Tsegaye Hunde,M,9,3A,,,,,,,,,,,,,,,,,,,
Dibora Kinfe michael Suga,F,9,3A,,,,,,,,,,,,,,,,,,,
Dibora Ketema Dida ,F,9,3A,,,,,,,,,,,,,,,,,,,
Edan Kebede Eshatu  ,F,9,3A,,,,,,,,,,,,,,,,,,,
Edlawit Girum Alemayehu,F,9,3A,,,,,,,,,,,,,,,,,,,
Elton Jan Jackers,M,9,3A,,,,,,,,,,,,,,,,,,,
Esrael Eshatu Sugebo,M,9,3A,,,,,,,,,,,,,,,,,,,
Esrom Yergalem Nigatu,M,9,3A,,,,,,,,,,,,,,,,,,,
Eyerusalem Abebe H/Mariam,F,9,3A,,,,,,,,,,,,,,,,,,,
Eyerusalem Fitsum Fikadu  ,F,9,3A,,,,,,,,,,,,,,,,,,,
Fenet  Tesfalem Churiso (Staff),F,8,3A,,,,,,,,,,,,,,,,,,,
Ferhan Hayredin Hussen ,F,9,3A,,,,,,,,,,,,,,,,,,,
Fiker Yalew Argaw ,M,9,3A,,,,,,,,,,,,,,,,,,,
Fiseha Chala Urgesa ,M,9,3A,,,,,,,,,,,,,,,,,,,
Haset Shewaye Abraham ,F,9,3A,,,,,,,,,,,,,,,,,,,
Hiwot Alemayehu Yeshitla (Steff),F,9,3A,,,,,,,,,,,,,,,,,,,
Jafar Samsadin Mohammed ,M,9,3A,,,,,,,,,,,,,,,,,,,
Kalkidan Wondwosen Chernet,F,9,3A,,,,,,,,,,,,,,,,,,,
Kena Fikadu Yimer ,M,9,3A,,,,,,,,,,,,,,,,,,,
Markan Mekonnen Abera ,F,9,3A,,,,,,,,,,,,,,,,,,,
Markan Yonas Mesfen  ,F,9,3A,,,,,,,,,,,,,,,,,,,
Meklit Behailu Fetene ,F,9,3A,,,,,,,,,,,,,,,,,,,
Meklit Zelelem Kibabaw,F,9,3A,,,,,,,,,,,,,,,,,,,
Misale Hagerbigegn H/Meskel ,M,9,3A,,,,,,,,,,,,,,,,,,,
Nahom Alemayehu Mulugeta,M,9,3A,,,,,,,,,,,,,,,,,,,
Natan Habtom Birhane,M,9,3A,,,,,,,,,,,,,,,,,,,
Natan Mekonen Bedada ,M,9,3A,,,,,,,,,,,,,,,,,,,
Natan Yohannes Mammo,M,9,3A,,,,,,,,,,,,,,,,,,,
Natanim Sisay Woyassa,M,9,3A,,,,,,,,,,,,,,,,,,,
Rakabe Sintayehu Tesfaye,F,9,3A,,,,,,,,,,,,,,,,,,,
Salem Dawit Afework ,F,9,3A,,,,,,,,,,,,,,,,,,,
Samuel Yohanes Bekele ,M,9,3A,,,,,,,,,,,,,,,,,,,
Saron Beshah Bekele,F,9,3A,,,,,,,,,,,,,,,,,,,
Yanet Alemayehu Ayele ,F,9,3A,,,,,,,,,,,,,,,,,,,
Yohannes Getahun Taddese,M,9,3A,,,,,,,,,,,,,,,,,,,
