fullname,sex,age,grade,,,,,,,,,,,,,,,,,,,,
Ahilam Amin Abas   ,F,9,3B,,,,,,,,,,,,,,,,,,,,
Amraphel Ashenafi  Yifru,F,9,3B,,,,,,,,,,,,,,,,,,,,
Belen Leule Tilahun,F,9,3B,,,,,,,,,,,,,,,,,,,,
Betselot Muluken Admasu ,F,9,3B,,,,,,,,,,,,,,,,,,,,
Betselot Yimenu Teshale,M,9,3B,,,,,,,,,,,,,,,,,,,M,23
Billen Million Melaku,F,9,3B,,,,,,,,,,,,,,,,,,,F,24
Biniam Mekonnen Legese (N),M,8,3B,,,,,,,,,,,,,,,,,,,Total,47
Biniyam Endal Kore,M,9,3B,,,,,,,,,,,,,,,,,,,,
Biruktawit Zewdu Tefera,F,9,3B,,,,,,,,,,,,,,,,,,,,
Bitaniya Megersa Kebe,F,9,3B,,,,,,,,,,,,,,,,,,,,
Dagim Shewangizaw Seyoum ,M,9,3B,,,,,,,,,,,,,,,,,,,,
Euobed Kebede Kenea ,M,9,3B,,,,,,,,,,,,,,,,,,,,
Eyosiyas Tadessie  Megersa,M,9,3B,,,,,,,,,,,,,,,,,,,,
Habil Wondwosen Bayu,F,9,3B,,,,,,,,,,,,,,,,,,,,
Iman Anwar Said  ,F,9,3B,,,,,,,,,,,,,,,,,,,,
Kenean Kinfemichael Suga,F,9,3B,,,,,,,,,,,,,,,,,,,,
Lidiya  Henok Bulo,F,9,3B,,,,,,,,,,,,,,,,,,,,
Lina Kedir Sabir ,F,9,3B,,,,,,,,,,,,,,,,,,,,
Loza Shimeles Bekele,F,9,3B,,,,,,,,,,,,,,,,,,,,
Mahi Wondimagen Feru,F,9,3B,,,,,,,,,,,,,,,,,,,,
Mariana Dereje H/Michael,F,9,3B,,,,,,,,,,,,,,,,,,,,
Markonal Gizachew Weldu,M,9,3B,,,,,,,,,,,,,,,,,,,,
Mayko Abera Gadisa,M,9,3B,,,,,,,,,,,,,,,,,,,,
Melali Ziyad Abdella ,F,9,3B,,,,,,,,,,,,,,,,,,,,
Menal Abdurhiman Hamza,F,9,3B,,,,,,,,,,,,,,,,,,,,
Nahom Tesfaye Kebede ,M,9,3B,,,,,,,,,,,,,,,,,,,,
Nardos Sintayehu Tefera ,F,9,3B,,,,,,,,,,,,,,,,,,,,
Natan Fekadu Regasa ,M,9,3B,,,,,,,,,,,,,,,,,,,,
Natanim Ermiyas Shibiru ,M,9,3B,,,,,,,,,,,,,,,,,,,,
Nathan Ashebir Hile  ,M,9,3B,,,,,,,,,,,,,,,,,,,,
Nesiyan Tsega Addis ,M,9,3B,,,,,,,,,,,,,,,,,,,,
Rama Tariku G/tsadik ,F,9,3B,,,,,,,,,,,,,,,,,,,,
Rekik Tasew Yami,F,9,3B,,,,,,,,,,,,,,,,,,,,
Robel Solomon Bekele ,M,9,3B,,,,,,,,,,,,,,,,,,,,
Shalom Sahle Tenkir,F,9,3B,,,,,,,,,,,,,,,,,,,,
Simersen Zelalem Taye,M,9,3B,,,,,,,,,,,,,,,,,,,,
Sinen Dagne Boshera ,M,9,3B,,,,,,,,,,,,,,,,,,,,
Tsinat Shumi  Abdo,F,9,3B,,,,,,,,,,,,,,,,,,,,
Tsion Daniel Fikadu ,F,9,3B,,,,,,,,,,,,,,,,,,,,
Yabnen Desta Godabo,M,9,3B,,,,,,,,,,,,,,,,,,,,
Yafet Tariku Yadesa,M,9,3B,,,,,,,,,,,,,,,,,,,,
Yamlaksera Genene Wenedmu ,F,9,3B,,,,,,,,,,,,,,,,,,,,
Yididay Zebib Abdela  ,F,9,3B,,,,,,,,,,,,,,,,,,,,
Yohana Kalegzi Hagos ,F,9,3B,,,,,,,,,,,,,,,,,,,,
Yonatan Habtamu T/Sadik,M,9,3B,,,,,,,,,,,,,,,,,,,,
Yordanos Sintayehu Tefera ,F,9,3B,,,,,,,,,,,,,,,,,,,,
Yostena Samuel Zewde,F,9,3B,,,,,,,,,,,,,,,,,,,,
