fullname,sex,age,grade,,,,,,,,,,,,,,,,,,,
Abel Kinfe Tesfaye,M,8,2A,,,,,,,,,,,,,,,,,,,
Abenezer Hayalneh Tesfaye,M,8,2A,,,,,,,,,,,,,,,,,,,
Afomiya Melaku Tesfaye,F,8,2A,,,,,,,,,,,,,,,,,,,
Alazer Abraham Fantu  (N)  ,M,8,2A,,,,,,,,,,,,,,,,,,,
Amanuel Taye Yimam ,M,8,2A,,,,,,,,,,,,,,,,,,,
Amen Zariay Kebede,M,8,2A,,,,,,,,,,,,,,,,,,M,26
Amran Yitages Teshome ,F,8,2A,,,,,,,,,,,,,,,,,,F,20
Bekansi Leta Kebede   (N),M,8,2A,,,,,,,,,,,,,,,,,,Total,46
Bereket Israel Taye   (N),F,8,2A,,,,,,,,,,,,,,,,,,,
Bereket Sintayehu Alemayehu  (N),M,8,2A,,,,,,,,,,,,,,,,,,,
Berket Gezachew Abebe   (N),M,8,2A,,,,,,,,,,,,,,,,,,,
Bitania Amare Moges,F,8,2A,,,,,,,,,,,,,,,,,,,
Danat Wondwosen Birhanu  (N),M,8,2A,,,,,,,,,,,,,,,,,,,
Efrata Belay Dekuse  ,F,8,2A,,,,,,,,,,,,,,,,,,,
Emanuel Atlaw Bekele,M,8,2A,,,,,,,,,,,,,,,,,,,
Esrom G/Silassie Moges  (N),M,8,2A,,,,,,,,,,,,,,,,,,,
Ewenet Endawok Tsegaw,M,8,2A,,,,,,,,,,,,,,,,,,,
Eyoab Tamirat Worku,M,8,2A,,,,,,,,,,,,,,,,,,,
Feven Tesfatsion Abebe,F,8,2A,,,,,,,,,,,,,,,,,,,
Gelila Gelaye Abebe,F,8,2A,,,,,,,,,,,,,,,,,,,
Gelila Yohannes Asfaw,F,8,2A,,,,,,,,,,,,,,,,,,,
Hana Abdulhamid Mohammed   (N),F,8,2A,,,,,,,,,,,,,,,,,,,
Hawariyaw Pawlos Kasaye,M,8,2A,,,,,,,,,,,,,,,,,,,
Hayu Alemayehu Ero,M,8,2A,,,,,,,,,,,,,,,,,,,
Hiyab Tomas Kebede   (N),F,8,2A,,,,,,,,,,,,,,,,,,,
Huzeyfa Sabir Neda   (N),M,8,2A,,,,,,,,,,,,,,,,,,,
Jundub Mubarek Mohammed   (N),M,8,2A,,,,,,,,,,,,,,,,,,,
Kaleab Yonas Alene ,M,8,2A,,,,,,,,,,,,,,,,,,,
Loza Girma Negash,F,8,2A,,,,,,,,,,,,,,,,,,,
Metadel Feyera Demeksa,F,8,2A,,,,,,,,,,,,,,,,,,,
Mihret Habtamu Wolde,F,8,2A,,,,,,,,,,,,,,,,,,,
Nahili Endalkachew Desalegn ,F,8,2A,,,,,,,,,,,,,,,,,,,
Nanati Desalegn Arega,F,8,2A,,,,,,,,,,,,,,,,,,,
Natan Abiya Zewde ,M,8,2A,,,,,,,,,,,,,,,,,,,
Nohe Endalbaba Belete,M,8,2A,,,,,,,,,,,,,,,,,,,
Peniel Negash Hussien  (Staffe),M,7,2A,,,,,,,,,,,,,,,,,,,
Rekik Tadesse Eshetu ,F,8,2A,,,,,,,,,,,,,,,,,,,
Samuel Dinku Abera   (N),M,8,2A,,,,,,,,,,,,,,,,,,,
Saron Mohammed Sala,F,8,2A,,,,,,,,,,,,,,,,,,,
Selam Feredegn Dagnachew ,F,8,2A,,,,,,,,,,,,,,,,,,,
Tsion Yadete Degife  (N),F,8,2A,,,,,,,,,,,,,,,,,,,
Tsion Yosef Gebasa,F,8,2A,,,,,,,,,,,,,,,,,,,
Yafet Tewoderos Abebe,M,8,2A,,,,,,,,,,,,,,,,,,,
Yeabsira Asaminew Yonas ,M,8,2A,,,,,,,,,,,,,,,,,,,
Yohakin Girma Tamrat   (N),F,8,2A,,,,,,,,,,,,,,,,,,,
Yrosen Gezahegn  Amanuel,M,8,2A,,,,,,,,,,,,,,,,,,,
