fullname,sex,age,grade,,,,,,,,,,,,,,,,,,,,
Abem Birhanu Minuta ,F,10,4C,,,,,,,,,,,,,,,,,,,,
Abenezer Wubshet H/Giorgis,M,10,4C,,,,,,,,,,,,,,,,,,,,
Abiyalew Tsegaye Bekele ,M,10,4C,,,,,,,,,,,,,,,,,,,,
Adonyas fasile Kifle ,M,10,4C,,,,,,,,,,,,,,,,,,,,
Amar Debebe Aboye,M,10,4C,,,,,,,,,,,,,,,,,,,,
Amen Sintayehu Alemayehu  (N),M,9,4C,,,,,,,,,,,,,,,,,,,,
Bereket Genet Niguse ,M,10,4C,,,,,,,,,,,,,,,,,,,,
Betania Getachew Alemayehu,F,10,4C,,,,,,,,,,,,,,,,,,,M,24
Betaniya Shemles Konde,F,10,4C,,,,,,,,,,,,,,,,,,,F,30
Bitaniya Yoseph Zenebe,F,10,4C,,,,,,,,,,,,,,,,,,,Total,54
Dahilak Afework Girma,F,10,4C,,,,,,,,,,,,,,,,,,,,
Elgrace Tesfaye Kebede  (N),F,10,4C,,,,,,,,,,,,,,,,,,,,
Eliab Tariku Shewarega,M,10,4C,,,,,,,,,,,,,,,,,,,,
Elim Solomon Abossie (N),F,9,4C,,,,,,,,,,,,,,,,,,,,
Elmar Admasu Girma,F,10,4C,,,,,,,,,,,,,,,,,,,,
Eyouab  Dereje  Biru   ,M,10,4C,,,,,,,,,,,,,,,,,,,,
Eyosiyas Girma Shume,M,10,4C,,,,,,,,,,,,,,,,,,,,
Feven Tensay G/kirstos,F,10,4C,,,,,,,,,,,,,,,,,,,,
Hanan Mohammed Gemeshu ,F,10,4C,,,,,,,,,,,,,,,,,,,,
Hanin Semir Mohammed,F,10,4C,,,,,,,,,,,,,,,,,,,,
Hanna Asnake Tegene,F,10,4C,,,,,,,,,,,,,,,,,,,,
Hawi Yohannes Zekarias  ,F,10,4C,,,,,,,,,,,,,,,,,,,,
Helen Getu Tadesse (Staff),F,10,4C,,,,,,,,,,,,,,,,,,,,
Ibrahim Rahmeto Ahmed ,M,10,4C,,,,,,,,,,,,,,,,,,,,
Iman  Mohammod Ibrahim,F,10,4C,,,,,,,,,,,,,,,,,,,,
Inas Kadir Sabir ,F,10,4C,,,,,,,,,,,,,,,,,,,,
Kaleab Dagnachew Wasu,M,10,4C,,,,,,,,,,,,,,,,,,,,
Kebron Dawit Gosaye  ,F,10,4C,,,,,,,,,,,,,,,,,,,,
Mahlet Ermias Feliche   ,F,10,4C,,,,,,,,,,,,,,,,,,,,
Makbal Abayneh Jima,M,10,4C,,,,,,,,,,,,,,,,,,,,
Marymawit Kassu Derara  ,F,10,4C,,,,,,,,,,,,,,,,,,,,
Misiker Andargachew Bekele (N),M,10,4C,,,,,,,,,,,,,,,,,,,,
Miskir Sileshi Assefa,F,10,4C,,,,,,,,,,,,,,,,,,,,
Muse H/Mariam Taklu  ,M,10,4C,,,,,,,,,,,,,,,,,,,,
Nanati Gemechu Lemma ,F,10,4C,,,,,,,,,,,,,,,,,,,,
Naol Lemenew Chalo,M,10,4C,,,,,,,,,,,,,,,,,,,,
Nardos Habtamu Gonfa ,F,10,4C,,,,,,,,,,,,,,,,,,,,
Natan Gezahagn Yohannes  (N),M,10,4C,,,,,,,,,,,,,,,,,,,,
Rediet Biniyam  Tesfaye,F,10,4C,,,,,,,,,,,,,,,,,,,,
Ruhama Negash Sime ,F,10,4C,,,,,,,,,,,,,,,,,,,,
Saron Gulilat Kuffa,F,10,4C,,,,,,,,,,,,,,,,,,,,
Saron Tsegaye Ababu ,F,10,4C,,,,,,,,,,,,,,,,,,,,
Semir Abdi Awol,M,10,4C,,,,,,,,,,,,,,,,,,,,
Simon Asnake Tegene,M,10,4C,,,,,,,,,,,,,,,,,,,,
Sofoniyas Yosife Begashaw,M,10,4C,,,,,,,,,,,,,,,,,,,,
Soliyana Gashaw Birhanu,F,10,4C,,,,,,,,,,,,,,,,,,,,
Tinbit  Daniel Getachew,F,10,4C,,,,,,,,,,,,,,,,,,,,
Tsion Dagnachew Wasu,F,10,4C,,,,,,,,,,,,,,,,,,,,
Yabsir Dereje Shiferaw ,M,10,4C,,,,,,,,,,,,,,,,,,,,
Yabsira Alemayehu  Tilahun,F,10,4C,,,,,,,,,,,,,,,,,,,,
Yafet Tayework Gadisa,M,11,4C,,,,,,,,,,,,,,,,,,,,
Yisak Zemach Teshome,M,10,4C,,,,,,,,,,,,,,,,,,,,
Yohanes Tilahun Awoke ,M,10,4C,,,,,,,,,,,,,,,,,,,,
Yonatan Yosef Abera ,M,10,4C,,,,,,,,,,,,,,,,,,,,
