fullname,sex,age,grade,,,,,,,,,,,,,,,,,,,
Abem Zelalem Abera,M,8,2C,,,,,,,,,,,,,,,,,,,
Abigiya Zerihun Demelash  (N),F,8,2C,,,,,,,,,,,,,,,,,,,
Amanuel Amare Alemeshet (Staffe),M,8,2C,,,,,,,,,,,,,,,,,,,
Amanuel Kumlacew Gemechu,M,8,2C,,,,,,,,,,,,,,,,,,,
Amanuel Zenebe Estefanose,M,8,2C,,,,,,,,,,,,,,,,,,M,19
Barkot Addis Yegle,F,8,2C,,,,,,,,,,,,,,,,,,F,27
Beka Elias Assefa (N),M,8,2C,,,,,,,,,,,,,,,,,,Total,46
Benias Sintayehu Tesfaye,M,8,2C,,,,,,,,,,,,,,,,,,,
Beza Samuael Asefa ,F,8,2C,,,,,,,,,,,,,,,,,,,
Dagimawit Mintesnot Tekalegn,F,8,2C,,,,,,,,,,,,,,,,,,,
Dawit Sleshi Asefa,M,8,2C,,,,,,,,,,,,,,,,,,,
Delina Ismael Abibwal   (N),F,8,2C,,,,,,,,,,,,,,,,,,,
Edan Sharew Dese,F,8,2C,,,,,,,,,,,,,,,,,,,
Eden Abebe Mengesha   (N),F,8,2C,,,,,,,,,,,,,,,,,,,
Edidiya  Leka Geletu  ,F,8,2C,,,,,,,,,,,,,,,,,,,
Eferata Eshetu Leul,F,8,2C,,,,,,,,,,,,,,,,,,,
Eldana Sintayehu Desta  (N),F,8,2C,,,,,,,,,,,,,,,,,,,
Elshaday Solomon Tesfaye,F,8,2C,,,,,,,,,,,,,,,,,,,
Esayas Tewodros Eliyas,M,8,2C,,,,,,,,,,,,,,,,,,,
Feven Mesfin Mengesha,F,8,2C,,,,,,,,,,,,,,,,,,,
Haset Getahun Hailu,F,8,2C,,,,,,,,,,,,,,,,,,,
Hilina Feleke Hailu   (N),F,8,2C,,,,,,,,,,,,,,,,,,,
Kaleb Ashenafi Janbo   (N),M,8,2C,,,,,,,,,,,,,,,,,,,
Kalid Shamsu Mohammed,M,8,2C,,,,,,,,,,,,,,,,,,,
Kebron  Endale Fekadu ,F,8,2C,,,,,,,,,,,,,,,,,,,
Kidest  Elias Nigatu,F,8,2C,,,,,,,,,,,,,,,,,,,
Mahlet Abrham Yetesha,F,8,2C,,,,,,,,,,,,,,,,,,,
Markan Ermiyas Kasaye,F,8,2C,,,,,,,,,,,,,,,,,,,
Melat Shiferaw Hizkias ,F,8,2C,,,,,,,,,,,,,,,,,,,
Merwan Jemal Ibrahim   (N),M,8,2C,,,,,,,,,,,,,,,,,,,
Mihretab Asnak Melku (Staffe),M,8,2C,,,,,,,,,,,,,,,,,,,
Milka Yohannes Ayele,F,8,2C,,,,,,,,,,,,,,,,,,,
Nananti Amare Fufa ,F,8,2C,,,,,,,,,,,,,,,,,,,
Natanim Addis Kidane,M,8,2C,,,,,,,,,,,,,,,,,,,
Natnael Girum Demisse,M,8,2C,,,,,,,,,,,,,,,,,,,
Netsanet Abera Balcha    (N),F,8,2C,,,,,,,,,,,,,,,,,,,
Nuhamin Temesgen Kasahun,F,8,2C,,,,,,,,,,,,,,,,,,,
Ruth Mekebeb Getachew,F,8,2C,,,,,,,,,,,,,,,,,,,
Samiha Shemse Salo,F,8,2C,,,,,,,,,,,,,,,,,,,
Tahmid Anwar Mustafa   (N) ,M,8,2C,,,,,,,,,,,,,,,,,,,
Yadel Alemzwed Asefa,M,8,2C,,,,,,,,,,,,,,,,,,,
Yafet Eyob Alemu ,M,8,2C,,,,,,,,,,,,,,,,,,,
Yohan Yonas Masresh ,F,7,2C,,,,,,,,,,,,,,,,,,,
Zablon Muluken Agaza,M,8,2C,,,,,,,,,,,,,,,,,,,
Zowi Tamiru Abose ,F,8,2C,,,,,,,,,,,,,,,,,,,
Zemikael Chaka Asefa ,M,8,2C,,,,,,,,,,,,,,,,,,,
