fullname,sex,age,grade,,,,,,,,,,,,,,,,,,,
Abel Bisrat Kebede,M,10,4A,,,,,,,,,,,,,,,,,,,
Abenezer Zerihun Loha ,M,10,4A,,,,,,,,,,,,,,,,,,,
Ahlam Mohammed Kedir,F,10,4A,,,,,,,,,,,,,,,,,,,
Amanawit Amare Moges ,F,10,4A,,,,,,,,,,,,,,,,,,,
Aminadab Kirubel Belachew,M,10,4A,,,,,,,,,,,,,,,,,,,
Bemnet Tamirayehu Shewangzaw ,F,10,4A,,,,,,,,,,,,,,,,,,M,24
Betsga Teshome Telela ,F,10,4A,,,,,,,,,,,,,,,,,,F,30
Bilen Ayalew Gobena,F,10,4A,,,,,,,,,,,,,,,,,,Total,54
Biruk Daniel Demese ,M,10,4A,,,,,,,,,,,,,,,,,,,
Dursanwak Moera  Gutu,F,10,4A,,,,,,,,,,,,,,,,,,,
Edalawit Abiy Kassahun ,F,10,4A,,,,,,,,,,,,,,,,,,,
Edlawit Alemayehu Worku,F,10,4A,,,,,,,,,,,,,,,,,,,
Eldana Abadi Godefaye ,F,10,4A,,,,,,,,,,,,,,,,,,,
Eman Zeyine Chaka  ,F,10,4A,,,,,,,,,,,,,,,,,,,
Esrael Liulsegd Aklelu,M,10,4A,,,,,,,,,,,,,,,,,,,
Fenan Tegene Bikila,F,10,4A,,,,,,,,,,,,,,,,,,,
Fenan Wendwosen Abiyu,F,10,4A,,,,,,,,,,,,,,,,,,,
Fenet Gemechu Medeksa,F,10,4A,,,,,,,,,,,,,,,,,,,
Fikir Dereje Ketema ,F,10,4A,,,,,,,,,,,,,,,,,,,
Hanan Sulutan Jemal  ,F,10,4A,,,,,,,,,,,,,,,,,,,
Heaven Bekele Afrasa ,F,10,4A,,,,,,,,,,,,,,,,,,,
Kaleb Abebe Wegayehu,M,10,4A,,,,,,,,,,,,,,,,,,,
Kenan Wondimu Betale �,F,11,4A,,,,,,,,,,,,,,,,,,,
Kenbon Yohanes Tesfaye,M,10,4A,,,,,,,,,,,,,,,,,,,
Kirubel Samuel Bekele ,M,10,4A,,,,,,,,,,,,,,,,,,,
Mackbal Dawit Nigussie,M,10,4A,,,,,,,,,,,,,,,,,,,
Megdelawit Yohannes H/Miriam ,F,10,4A,,,,,,,,,,,,,,,,,,,
Mikiyas Alemayehu Hosaina (N),M,10,4A,,,,,,,,,,,,,,,,,,,
Naheli Dereje Demisse,F,10,4A,,,,,,,,,,,,,,,,,,,
Nahom Zerihun Taye ,M,10,4A,,,,,,,,,,,,,,,,,,,
Nanati Jemal Hido'o,F,10,4A,,,,,,,,,,,,,,,,,,,
Nardos Tigestu Fransua ,F,10,4A,,,,,,,,,,,,,,,,,,,
Natan Abebe Birhanu,M,10,4A,,,,,,,,,,,,,,,,,,,
Natanim Yosef Afework ,M,10,4A,,,,,,,,,,,,,,,,,,,
Natnael Mesfien  Teklu,M,10,4A,,,,,,,,,,,,,,,,,,,
Natnael Tsegaye Hunde,M,10,4A,,,,,,,,,,,,,,,,,,,
Nigist Solomon Desta ,F,10,4A,,,,,,,,,,,,,,,,,,,
Nobel Behoneghn Shigute ,M,10,4A,,,,,,,,,,,,,,,,,,,
Perasim Daniel Ewnetu,F,10,4A,,,,,,,,,,,,,,,,,,,
Rime Abdo Rede ,F,10,4A,,,,,,,,,,,,,,,,,,,
Ruham Ali Safe ,F,10,4A,,,,,,,,,,,,,,,,,,,
Samper Masho Aboye ,F,10,4A,,,,,,,,,,,,,,,,,,,
Sebaif Uregessa Demisse,M,10,4A,,,,,,,,,,,,,,,,,,,
Soliyana Sisay Hailu,F,10,4A,,,,,,,,,,,,,,,,,,,
Sosina Kasahun Tulu,F,10,4A,,,,,,,,,,,,,,,,,,,
Tinbit Ermias Mulugeta ,F,10,4A,,,,,,,,,,,,,,,,,,,
Tinbit Yonas Niguse,F,10,4A,,,,,,,,,,,,,,,,,,,
Yabets Negash Guta ,M,10,4A,,,,,,,,,,,,,,,,,,,
Yeabsra Asefa Ayalew,M,10,4A,,,,,,,,,,,,,,,,,,,
Yeabyihun Solomon Ayalew ,M,10,4A,,,,,,,,,,,,,,,,,,,
Yitbarek Desalegn Fekadu,M,10,4A,,,,,,,,,,,,,,,,,,,
Yohannes  Fekadu  Wegayehu,M,10,4A,,,,,,,,,,,,,,,,,,,
Yuakeb Lulu Taye,M,10,4A,,,,,,,,,,,,,,,,,,,
Zablon Musbeha Abdella ,M,10,4A,,,,,,,,,,,,,,,,,,,
