fullname,sex,age,grade,,,,,,,,,,,,,,,,,,,
Abigiya Sisay Tadesse,F,8,2B,,,,,,,,,,,,,,,,,,,
Abriana Adugna Chala ,F,8,2B,,,,,,,,,,,,,,,,,,,
Aklma Ameneshewa Workneh ,F,8,2B,,,,,,,,,,,,,,,,,,,
Amanuel Dawit Ayele  (N)  ,M,8,2B,,,,,,,,,,,,,,,,,,,
Ananiy Tasew Demrew  (N) ,M,8,2B,,,,,,,,,,,,,,,,,,M,20
Asile Mohammed Ebrahim,F,8,2B,,,,,,,,,,,,,,,,,,F,27
Betania Worku Kebede,F,8,2B,,,,,,,,,,,,,,,,,,Total,47
Btselote Dehluyantenw Abay �,F,8,2B,,,,,,,,,,,,,,,,,,,
Elbethel Desalegn Temesgen,F,8,2B,,,,,,,,,,,,,,,,,,,
Eldana Abebe Bekele ,F,8,2B,,,,,,,,,,,,,,,,,,,
Eldana Andarge Demissie   (N),F,8,2B,,,,,,,,,,,,,,,,,,,
Eldana Ayele Kumalo   (N),F,8,2B,,,,,,,,,,,,,,,,,,,
Elsabeth Eshetu Zeleke   (N),F,8,2B,,,,,,,,,,,,,,,,,,,
Emanda Tesfaye Masresha,F,8,2B,,,,,,,,,,,,,,,,,,,
Eyoas Abiy Kesete   (N),M,8,2B,,,,,,,,,,,,,,,,,,,
Eyosyas Solomon Kasaye,M,8,2B,,,,,,,,,,,,,,,,,,,
Eyuel Sisay Belayeneh,M,8,2B,,,,,,,,,,,,,,,,,,,
Hana Bayu Abayneh,F,8,2B,,,,,,,,,,,,,,,,,,,
Hanan Mohammed Asrar,F,8,2B,,,,,,,,,,,,,,,,,,,
Hanan Sadik  Mohammed ,F,8,2B,,,,,,,,,,,,,,,,,,,
Haset Daniel Chala   (N),F,8,2B,,,,,,,,,,,,,,,,,,,
Hemen Eshetu Fekene   (N),F,8,2B,,,,,,,,,,,,,,,,,,,
Kaleb Natnael Getahew,M,8,2B,,,,,,,,,,,,,,,,,,,
Kidus Yosef Ayalew ,M,8,2B,,,,,,,,,,,,,,,,,,,
Makbel Solomon Worku   (N),M,8,2B,,,,,,,,,,,,,,,,,,,
Menan Tenagashaw Jema,F,8,2B,,,,,,,,,,,,,,,,,,,
Mikiyas  Birhanau Sime,M,8,2B,,,,,,,,,,,,,,,,,,,
Muse Negasa Bertu  ,M,8,2B,,,,,,,,,,,,,,,,,,,
Nahom Bililgn Tulu,M,8,2B,,,,,,,,,,,,,,,,,,,
Nahom Dereje Geremew,M,8,2B,,,,,,,,,,,,,,,,,,,
Naolbekam Yohanes Tesfaye ,M,8,2B,,,,,,,,,,,,,,,,,,,
Natan Urge Fiye,M,8,2B,,,,,,,,,,,,,,,,,,,
Natanim Abyot Shenkute,M,8,2B,,,,,,,,,,,,,,,,,,,
Nolawit Samuel Alemayehu ,F,8,2B,,,,,,,,,,,,,,,,,,,
Rahel Dida Abera   (N),F,8,2B,,,,,,,,,,,,,,,,,,,
Rediet Mengistu Asefa,M,8,2B,,,,,,,,,,,,,,,,,,,
Reji Fufa Beha,M,8,2B,,,,,,,,,,,,,,,,,,,
Ruth Bitew Kebede,F,8,2B,,,,,,,,,,,,,,,,,,,
Salem Samson Derese ,F,8,2B,,,,,,,,,,,,,,,,,,,
Semeredin Mohammed Jemal,M,8,2B,,,,,,,,,,,,,,,,,,,
Soliyana Mesfin Teshome   (N),F,8,2B,,,,,,,,,,,,,,,,,,,
Tsega Phlipos Argaw,F,8,2B,,,,,,,,,,,,,,,,,,,
Yasmin Akmel Kasem,F,8,2B,,,,,,,,,,,,,,,,,,,
Yohannes Asnake Hailu  (N),M,8,2B,,,,,,,,,,,,,,,,,,,
Yoliyan Henok Mulat ,F,8,2B,,,,,,,,,,,,,,,,,,,
Zetseat Lemma Anbeso,F,8,2B,,,,,,,,,,,,,,,,,,,
Zumran Tofik Nasir  (N),M,8,2B,,,,,,,,,,,,,,,,,,,
