fullname,sex,age,grade,,,,,,,,,,,,,,,,,,
Abenezer Mebertau Assefa,M,10,4B,,,,,,,,,,,,,,,,,,
Abigiya Tewodiros Getachew,F,10,4B,,,,,,,,,,,,,,,,,,
Adonawi Abreham Ademe,M,10,4B,,,,,,,,,,,,,,,,,,
Afomiya Gezahegn Tsega ,F,10,4B,,,,,,,,,,,,,,,,,,
Akiya Yosef Dibabo ,M,10,4B,,,,,,,,,,,,,,,,,,
Amanuel Begashaw Solomon ,M,10,4B,,,,,,,,,,,,,,,,,M,25
Amar Abdulwahab Kedir,M,10,4B,,,,,,,,,,,,,,,,,F,29
Amen Abebayehu Tamirat,M,10,4B,,,,,,,,,,,,,,,,,Total,54
Amen Abreham Bekele ,F,10,4B,,,,,,,,,,,,,,,,,,
Arsema Kebede Debela,F,10,4B,,,,,,,,,,,,,,,,,,
Aymen Hassen Musa,M,10,4B,,,,,,,,,,,,,,,,,,
Azariyas Habtamu Elala  ,M,10,4B,,,,,,,,,,,,,,,,,,
Baslel Yosef Dibabo ,M,10,4B,,,,,,,,,,,,,,,,,,
Bereket Wondimgeta Danboba ,M,10,4B,,,,,,,,,,,,,,,,,,
Bezawit Semret Alemu  ,F,10,4B,,,,,,,,,,,,,,,,,,
Christian Diladreg Wubneh,M,10,4B,,,,,,,,,,,,,,,,,,
Dagem Tarku Girma ,M,10,4B,,,,,,,,,,,,,,,,,,
Delina Bereket Alemayehu,F,10,4B,,,,,,,,,,,,,,,,,,
Dibora  Kola  Yoannes  ,F,9,4B,,,,,,,,,,,,,,,,,,
Edom Fantaye  H/Michael ,F,10,4B,,,,,,,,,,,,,,,,,,
Eldana  Teshome Sahyile  ,F,10,4B,,,,,,,,,,,,,,,,,,
Eldana Felke Hailu (N) Staffe),F,9,4B,,,,,,,,,,,,,,,,,,
Eldana Fantaye  Haile ,F,10,4B,,,,,,,,,,,,,,,,,,
Eldana Firehun Jima ,F,10,4B,,,,,,,,,,,,,,,,,,
Eldana Hailu Dejene,F,10,4B,,,,,,,,,,,,,,,,,,
Eldana Mebratu Abreham,F,10,4B,,,,,,,,,,,,,,,,,,
Eledan Alemzewd Asefa   ,F,10,4B,,,,,,,,,,,,,,,,,,
Emad Tofik Mohammed,M,9,4B,,,,,,,,,,,,,,,,,,
Folkia Sisay Legesse,M,10,4B,,,,,,,,,,,,,,,,,,
Gersam Lidet Endrias   (Staff),M,10,4B,,,,,,,,,,,,,,,,,,
Hathila  Masresha Edosa,M,10,4B,,,,,,,,,,,,,,,,,,
Hawi Worku Hunde ,F,10,4B,,,,,,,,,,,,,,,,,,
Humnesa Masresha Yoseph,M,10,4B,,,,,,,,,,,,,,,,,,
Kaleab Admasu Alemu  ,M,10,4B,,,,,,,,,,,,,,,,,,
Kena Alemayehu Mijena,F,10,4B,,,,,,,,,,,,,,,,,,
Kidus Yohannes Ayele,M,10,4B,,,,,,,,,,,,,,,,,,
Lewi Bisrat Tefera,M,10,4B,,,,,,,,,,,,,,,,,,
Markon Moges Teshome,M,10,4B,,,,,,,,,,,,,,,,,,
Mena Tariku Maje ,F,10,4B,,,,,,,,,,,,,,,,,,
Mihiretab Netsanet Wake ,F,10,4B,,,,,,,,,,,,,,,,,,
Mihret Bogale Desalegn ,F,10,4B,,,,,,,,,,,,,,,,,,
Moti   Fufa Beha,M,10,4B,,,,,,,,,,,,,,,,,,
Moyika Etefa Bulcha,F,10,4B,,,,,,,,,,,,,,,,,,
Nahili Mulatu Tufa ,F,10,4B,,,,,,,,,,,,,,,,,,
Nahom Mesfin Teklu,M,10,4B,,,,,,,,,,,,,,,,,,
Tsinat Wendwosen Beyene,F,10,4B,,,,,,,,,,,,,,,,,,
Tsion Zerihun Tefera,F,10,4B,,,,,,,,,,,,,,,,,,
Wongel Yosef Dibabo ,F,10,4B,,,,,,,,,,,,,,,,,,
Yanet Mekonnen Mergiya ,F,10,4B,,,,,,,,,,,,,,,,,,
Yeabsira Netsanet Wake,F,10,4B,,,,,,,,,,,,,,,,,,
Yididiya Aychluhum Michael �,M,11,4B,,,,,,,,,,,,,,,,,,
Yonatan Ashenafi Yerga (N),M,10,4B,,,,,,,,,,,,,,,,,,
Yuakin Mulugeta G/Tsadik,F,10,4B,,,,,,,,,,,,,,,,,,
Zehara Chala Nureya ,F,10,4B,,,,,,,,,,,,,,,,,,
