fullname,sex,age,grade
Abdisa Samuel Mekonnin,M,12,7A
Arsema Yohannes Abebe,F,14,7A
Bereket Chamiso Areba,M,13,7A
Bitaniya Yifru Tegegn,F,12,7A
Danawit Fekadu Birra,F,12,7A
Efnan Abdulkadir Mohammed,M,14,7A
Efnan Dinku Eshitu,F,12,7A
Eldana Daniel Urgessa,F,12,7A
Eman Edris Mohammed,F,12,7A
Feven Behiru Regasa,F,13,7A
Fiyameta Daniel Shumi,F,14,7A
Hawi Bikila Abera,F,12,7A
Helen Getahun Bekele,F,13,7A
Hewan Shewangzaw Adamu,F,13,7A
Kidan Wendesen Alemu,F,12,7A
Loza Samuel Zerihun,F,12,7A
Maraki Ashenafi Semebo,F,14,7A
Nahili Henok Alemayehu,F,12,7A
Narob Zelalem Abadna,M,13,7A
Nathnael Belay Fikre,M,14,7A
Robsen Hakim Yusuf,M,13,7A
Semir Birhanu Yirgu,M,14,7A
Sifen Alemu Mengesha,F,13,7A
Sifen Nigatu Tufa,F,12,7A
Sitra Aman Duga,F,11,7A
Suleman Yusuf Husen,M,14,7A
Sumeya Tofik Sabit,F,12,7A
Veronica Behailu Alemayehu,F,13,7A
Yabets Tasew Eramo,M,13,7A
Yeabsira Yishak Hagos,M,14,7A
Yedidia Dawit Bezuneh,M,14,7A
Yemar Abebayehu Tigu,F,14,7A
Yesukal Demelash Nega,F,13,7A
Yididiya Mesay Asegid,F,13,7A
Yosen Kebede Haile,M,12,7A
Yoseph Kefalew Bedada,M,13,7A
Adonawit Girma Abebe,F,12,7B
Afomiya Belew Deramo,F,12,7B
Alferied Asrar Bediru,M,13,7B
Amir Mustefa Duri,M,13,7B
Ananiya Daniel Legese,M,15,7B
Bernabas Asefa Seboka,M,13,7B
Biniyam Yimer Yimam,M,13,7B
Dagim Dereje Lema,M,13,7B
Eldana Melese Alemayehu,F,13,7B
Ermiyas Reshed Tereda,M,14,7B
Eyoab Abiy Ayele,M,13,7B
Eyosiyas Wondimu Yirga,M,12,7B
Fikir Menberu Gebeyehu,F,13,7B
Firdos Mahammud Mohammed,F,12,7B
Firdos Surur Hassen,F,13,7B
Gelila Ermiyas Teshome,F,12,7B
Hanan Abubeker A/Kadir,F,12,7B
Harun Kasim Ibrahim,M,14,7B
Kenkori Bedada Fura,M,12,7B
Kibreab Buruk Chanyalew,M,15,7B
Kidus Tilahun Haile,M,12,7B
Koket Jibril Kedir,F,12,7B
Koket Terefe Kebede,F,12,7B
Kulsuma Abduljelil Ahmed,F,13,7B
Liuel Mekonnin Taye,M,12,7B
Mewuded Tseganeh Mekonnin,M,13,7B
Michael Eyasu Yacob,M,12,7B
Nardos Tsegaye Horsa,F,13,7B
Nathnael Ayitenfisu Yinesu,M,14,7B
Roben Ab/Basit Jemal,M,13,7B
Sebahdin Mukamil Usman,M,14,7B
Sebona Misbah Ab/Rahman,M,14,7B
Sifen Safi Abafida,F,12,7B
Teslim Mohammed Amin,F,13,7B
Tsegab Habtamu G/Hiwot,M,13,7B
Uzeyifa Shamil Sherefa,M,15,7B
Yanet Tesema Alemayehu,F,12,7B
Yasmin Ahmed Awol,F,13,7B
Yoseph Hailu Beyene,M,14,7B
Abenezer Seife Sahilu,M,13,7C
Alegeta Abreham Tesfaye,M,13,7C
Amar Anwar Nasir,M,12,7C
Amir Abdurezak Shukur,M,14,7C
Beka Girma Yai,M,13,7C
Beminet Solomon Tsegaye,F,12,7C
Bereket Tadesse Hiluf,M,12,7C
Bethel Henok Girma,F,12,7C
Bewengel Tesfaye Fikadu,F,12,7C
Boni Getachew Hailu,M,14,7C
Edilawit Tsegaye Demeke,F,13,7C
Eldana Defaru Unsi,F,13,7C
Eyuel Eliyas Kinfe,M,13,7C
Firaol Tola Dubay,M,12,7C
Hanan Ali Negeso,F,13,7C
Kaleb Yordanos Hailu,M,13,7C
Kalkidan Abubeker Ab/kadir,F,11,7C
Latera Dereje Beyene,M,12,7C
Markiw Tilahun Mebratu,F,12,7C
Melkam Yihun Tesfaye,F,13,7C
Milkesa Mohammed Abdo,M,13,7C
Miraj Siraj Jemal,M,13,7C
Mohammedsani Abdurahman Ashem,M,13,7C
Musse Solomon Tollosa,M,13,7C
Nadia Abdu Mohammed,F,12,7C
Nathnael Ashine Baye,M,12,7C
Ritaj Miki Jemal,F,11,7C
Riyad Bahiredin Redi,M,12,7C
Rumesa Sultan Awol,F,13,7C
Yerosen Teferi Asefa,F,12,7C
Yididiya Tomas Kifle,F,12,7C
Amanuel Solomon,M,12,7C
Biniyam Bereket,M,12,7C
