fullname,sex,age,grade
Abenet Tefera Eshetu,M,12,5A
Anaf Tesfaye Balcha,F,10,5A
Asanti Dadi Galashe,F,12,5A
Baslael Zerihun Megersa,M,13,5A
Beka Abdi Jilcha,M,11,5A
Fedi Chali Petros,F,11,5A
Fenet Alemu Ero,F,10,5A
Gutu Hussen Hassen,M,11,5A
Halewa Seid Hussen,F,10,5A
Hamza Mohammednur Hashim,M,12,5A
Kenna Getu Lemesa,M,13,5A
Lidiya Asfaw Tesfaye,F,11,5A
Meriyam Ab/Kedir Abdulahi,F,12,5A
Meti Sisay Godana,F,10,5A
Milki Numeri Abdulhamid,M,10,5A
Mohammed Abdurhaman Mohammed,M,12,5A
Mohammedamin Awol Kedir,M,11,5A
Naflet Adamu Dufera,F,11,5A
Naol Tura Gezaw,M,11,5A
Olit Bekele Tadesse,F,11,5A
Salhadin Abdurahman Mohammed,M,11,5A
Sebaif Suleyman Kemal,M,11,5A
Seman Kedir Teji,M,11,5A
Sena Ahmedin Adem,F,11,5A
Sena Bekele Tadesse ,F,12,5A
Sifen Getu Bonsa,F,14,5A
Simbo Emiru Oljira,F,11,5A
Wabi Admasu Gure,M,11,5A
Wangari Abdella Qurcha,F,11,5A
Yanet Asefa Dida,F,11,5A
Zakir Feyiso Kediro,M,11,5A
Hornos ,M,11,5A
Abel Dinberu Mekuriya,M,10,5B
Abigel Sidrak Simon,F,11,5B
Adil Mohammed Jemal,M,11,5B
Amen Abreham Kolato,F,11,5B
Ansif Kebede Bejiga,F,11,5B
Arsema Tewodros Bekele,F,10,5B
Ashenafi Hailu Bogale,M,12,5B
Befikir Demeke Teshome,M,11,5B
Bezawit Desalegn Belina,F,10,5B
Bitaniya Million Yohannis,F,10,5B
Dagimawi Hailu Wolde,M,11,5B
Dagmawi Eseyew Gosa,M,11,5B
Eliham Bilal Nesiro,F,12,5B
Eliyana Yared Samuel,F,11,5B
Elnathal Ukubay Melese,M,10,5B
Endurance Mohammed Nur,M,11,5B
Eyobed Tesfaye Fikadu,M,10,5B
Faris Yoseph Degefa,M,13,5B
Fikir Belete Mekasha,M,10,5B
Filagot Wubshet Teshome,F,10,5B
Hasinat Muzeyin Sano,F,11,5B
Hisop Girma Gebre,M,11,5B
Ismael Mahammud Mohammed,M,10,5B
Kenerian Dereje Beyene,M,11,5B
Lidiya Worku Asfaw,F,10,5B
Markan Yihun Tesfaye,F,11,5B
Marsilas Jemal Mohammed,F,11,5B
Mewuded Hunegnaw Kebede,M,11,5B
Milki Feyissa Edao,M,12,5B
Nahla Abdulneim Mussa,F,11,5B
Naol Habtamu Legesse,M,10,5B
Niftalem Dawit Bezuneh,M,12,5B
Olsen Fetene Regasa,M,11,5B
Sami Samawal Elsuni,M,10,5B
Sara Ibrahim Mohammed,F,12,5B
Sara Samawal Elsuni,F,11,5B
Semir Misbah Abdurahman,M,12,5B
Sipara Tamiru Adise,F,10,5B
Sirak Anteneh Endashaw,M,10,5B
Umer Ziyad Hajiumer,M,11,5B
Wael Yaheya Sirabuzu,M,10,5B
Yohannis Anteneh Gobeze,M,11,5B
Abdulhafiz Abubeker A/Kadir,M,10,5C
Abenezer Eliyas Kinfe,M,10,5C
Amanuel Gesese Girma,M,11,5C
Amerti Gemechis Amante,F,10,5C
Aple Abebe Wendimu,F,11,5C
Betel Defaru Unsi,F,14,5C
Danawit Tinsae Worku,F,11,5C
Eskender Estifanos T/Haymanot,M,12,5C
Eyoab F/Mariam Kebede,M,10,5C
Eyosiyas F/Medihn Kelemework,M,10,5C
Hamza Alemar Ali,M,12,5C
Hasset Henok Birehanu,F,11,5C
Henok Demelash Asalef,M,10,5C
Heran Yitayew Cheru,F,10,5C
Kenean Getachew Dame,F,10,5C
Koket Habib Hussen,F,11,5C
Lewi Getnet Tadesse,M,10,5C
Lotiseyo Tsegaye Dendena,M,11,5C
Marian Abiy Afework,F,10,5C
Markan Dulla Tesfaye,F,10,5C
Marsilas Tewodros Kassaye,F,11,5C
Mehanayim Girma Zewde,M,10,5C
Mekdes Belay Tamiru,F,11,5C
Michael Endale Ayele,M,11,5C
Moyica Tadesse Legidi,F,10,5C
Muflih Mohammed Kurkura,M,11,5C
Nahom Dereje Tesfaye,M,11,5C
Nardos Delelegn Siyum,F,10,5C
Nathaniya Sisay Tesfaye,F,10,5C
Nihal Amir Fikadu,F,10,5C
Nolan Sileshi Abebe,M,9,5C
Oliyad Hakim Yusuf,M,11,5C
Onesimos Zewude Keno,M,11,5C
Ruth Tekalegn Tesema,F,11,5C
Saron Eliyas Kinfe,F,10,5C
Selam Bedilu Soresa,F,10,5C
Sitotaw Getachew Tesema,M,11,5C
Sofoniyas Solomon Soresa,M,11,5C
Soliyana Zewudu Kassa,F,11,5C
Sunyom Daba Muleta,F,11,5C
Yerosen Tadele Tamiru,M,10,5C
Yusuf Sead Ahmed,M,11,5C
Abdulkerim Aman Abdi,M,12,5D
Abel Shambel Werku,M,13,5D
Abigiya Zemach Tadesse,F,10,5D
Afiya Ahmed Sano,F,12,5D
Amar Fami Workineh,M,9,5D
Amira Mustefa Duri,F,11,5D
Asanti Mulugeta Fikadu,F,11,5D
Aymen Murad Ahmed,M,10,5D
Beamlaksim Million Ejigu,M,12,5D
Beminet Molla Bekele,M,12,5D
Bilen Abdurhaman Tahir,F,11,5D
Dagim Abreham Abebe,M,10,5D
Dania Kassim Ibrahim,F,11,5D
Etiel Muluken Demisie,M,11,5D
Fikret Ezedin Mohammed,F,10,5D
Firaol Abdulkadir Abdi,M,11,5D
Firdos Kassim Ibrahim,F,11,5D
Hamersen Tekalign Kebede,F,10,5D
Hasinat Kassim Mohammed,F,11,5D
Hassen Mohammed Ahmed,M,11,5D
Kebron Ketema Melese,F,11,5D
Kidus Estifanos Tarekegn,M,10,5D
Metsihet Ketema Kebede,F,10,5D
Mewardi Teliha Seman,F,10,5D
Mikiyas Mekonnin Zewde,M,11,5D
Natanim Birhanu Abera,M,11,5D
Nathan Demelash Nigusse,M,11,5D
Nathinael Mamaru Zeyin,M,11,5D
Nathnael Wendesen Alemu,M,11,5D
Rediet W/Wesen Gurmu,F,11,5D
Rediet Wondimu Ayele,F,11,5D
Reyan Shamil Sherefa,M,11,5D
Ruhama Mitku Feyissa,F,11,5D
Sead Junda Ismael,F,13,5D
Sebri Sofiyan Abdulahi,M,11,5D
Seyfedin Ab/Jemil Hussen,M,11,5D
Simera Siraji Abo,F,11,5D
Tensa Kifle Telila,F,12,5D
Tesnim Mohammed Abdo,F,10,5D
Wongel Tesema Alemayehu,M,9,5D
Yafet Siyoum Alemu,M,11,5D
Yasmin Awol Abdulkadir,F,10,5D
Yerosen Dereje Beyene,F,10,5D
Yididiya Damena Demise,F,10,5D
