fullname,sex,age,grade
Abel Alemayehu Getnet,M,9,2A
Amar Abiyu Sehali,M,7,2A
Amen Bekele Tadesse,F,8,2A
Amir Kassim Kimo,M,8,2A
Amira Ahmed Abdurakim,F,8,2A
Anhar Alihader Abdi,F,6,2A
Asanti Merga Negesse,F,8,2A
Bamlak Abebayehu Tsegu,M,8,2A
Boniyos Solomon Balcha,M,9,2A
Borsuman Lemesa Degefa,M,8,2A
Ekram Mohammedamin Amin,F,8,2A
Elroie Jeregna Feyera,F,8,2A
Faruk Chechebsa Mohammad,M,8,2A
Fenan Bezu Tefera,M,8,2A
Firaol Abdi Jilcha,M,8,2A
Hadicho Fedil Ali,F,8,2A
Ihsan Mohammed Weyeso,M,8,2A
Jenenus Yohannis Melese,F,8,2A
Jitu Miresa Kitaba,F,8,2A
Kena Gemachu Wajera,M,8,2A
Keneni Jemal Sado,F,8,2A
Kenerian Asefa Dida,M,8,2A
Koket Feye Dufera,F,8,2A
Lelo Wakbusho Tola,F,7,2A
Leti Habtamu Bulti,F,9,2A
Melka Tolessa Midaksa,M,8,2A
Mihiret Abebe Tezera,F,8,2A
Milkesa Gowsi Adem,M,8,2A
Namohi Abdeta Urga,M,8,2A
Nanati Ahmed Kasim,F,8,2A
Nuh Ahmed Umer,F,8,2A
Omersi Gemechis Keno,M,8,2A
Raji Shambel Dereje,F,8,2A
Reyan Ahmed Adem,M,8,2A
Robsa Jibril Dawud,M,8,2A
Sena Kebede Gidumu,F,8,2A
Sena Wako Ephrem,F,7,2A
Shueb Ab/Kedir Abdulahi,M,8,2A
Sibrat Solomon Tufa,F,8,2A
Simbo Bayisa Chala,F,8,2A
Simele Umer Kasim,F,8,2A
Sinobse Shallo Geleta,F,8,2A
Abigel Yonas Getachew,F,7,2B
Abubaker Ibrahim Mohammed,M,8,2B
Akewak Chala Leta,M,8,2B
Amen Bariso Bedasso,M,8,2B
Amen Fikiremedihen Kelemework,M,8,2B
Amen Getahun Ayalew,M,8,2B
Amen Solomon Nigatu,F,8,2B
Bahiran Mengistu Asfaw,M,8,2B
Barkot Tesfaye Zebene,M,8,2B
Bereket Tsegaye Tamene,M,8,2B
Betselot Biruk Chanyalew,F,8,2B
Biruk Mikiyas Getachew,M,8,2B
Bitaniya Worku Asfaw,F,8,2B
Chiristian Mekonnin Taye,F,8,2B
Chiristiyan Bekalu Girma,F,9,2B
Christian Abreham Desalegn,M,8,2B
Dagim Bekele Eshetu,M,7,2B
Dagmimawit Wubishet Teshome,F,8,2B
Elroi Dawit Eshetu,F,8,2B
Elroi Henok Alemayehu,F,7,2B
Ezana Seid Nuru,M,7,2B
Feven Mekonnin Borena,F,9,2B
Fikir Dagim Tadele,F,7,2B
Haset Girma Gebre,F,8,2B
Intisar Husen Faris,F,8,2B
Kalkidan Aklilu Shifa,F,8,2B
Kebron Engdawork Getachew,F,8,2B
Liul Andualem Kebede,M,8,2B
Michael Gezahegn Bayeh,M,7,2B
Mihret Kabtamu G/Kidan,F,8,2B
Nathanim Habtamu Bayeh,M,7,2B
Nathanim Henok Negash,F,7,2B
Nehimiya Anteneh Gobeze,F,8,2B
Rakeb Admasu Dilnesahu,F,8,2B
Rediet Addisu Kassa,F,8,2B
Roz Girmay Hadgay,F,7,2B
Ruham Daba Ijara,F,8,2B
Sofonias Tewodros Siyum,M,7,2B
Tensae Biruk Shimelis,M,7,2B
Wasingiten Daba Muleta,F,8,2B
Wuldan Sultan Awol,F,8,2B
Yanet Dejene Dame,F,8,2B
Yasmin Delil Ture,F,8,2B
Yonathan Bikila Diriba,M,8,2B
Yoseph Habtamu Getu,M,8,2B
Zewongel Misganaw Muche,M,8,2B
Abisan Sisay Tilahun,F,8,2C
Amen Mulugeta Dabesa,F,8,2C
Amen Tisase Amde,F,8,2C
Amen Zenebe Kebede,M,7,2C
Arsema Ephrem Tesfaye,F,8,2C
Barkan Habtamu G/Hiwot,F,8,2C
Barok Ermiyas H/Giyorgis,M,8,2C
Betselot Tatek Kebede,F,8,2C
Dibora Atinafu Abate,F,8,2C
Dineyas Getachew Sileshi,M,8,2C
Eden Zerihun Tekleyes,F,8,2C
Efrata Mamush Tegenu,F,8,2C
Elab Mesay Agiza,M,8,2C
Eyosiyas Sintayehu Mandefro,M,8,2C
Fikir Mesfin Hailemariyam,M,8,2C
Haben Hailu Gemechu,F,8,2C
Hased Samuel Zerihun,M,8,2C
Hasset Kibru Zergaw,F,8,2C
Hayisem Amir Fikadu,M,8,2C
Henok Demisew Taye,M,8,2C
Honalay Yihun Tesfaye,F,9,2C
Iksan Sefa Tereda,M,8,2C
Intisar Abduselam Hussen,F,8,2C
Khalid Surafel Getachew,M,8,2C
Mahir Yasin Mohammed,M,8,2C
Mikael Estifanos Tarekegn,M,8,2C
Mohammed Abdulfetah Asfaw,M,8,2C
Nahom Gedion Debebe,M,8,2C
Nathan Meseret Asefa,M,8,2C
Sabr Abdi Mursen,M,8,2C
Sami Dereje Eshetu,M,8,2C
Sayat Abinet Semahan,F,8,2C
Sena Kemal Kurkura,F,8,2C
Silen Negaligh Tesfaye,F,7,2C
Tariku Tesfaye Asefa,M,9,2C
Umer Kedir Mohammed,M,8,2C
Wongel Taye Gulilat,F,8,2C
Yadani Zelalem Abdena,F,8,2C
Yeabsira Tekalegn Tesema,M,8,2C
Yeadonay Getu Tsega,M,8,2C
Yodahe Yitayew Cheru,M,8,2C
Abenezer Abate Tesfaye,M,7,2D
Akiya Anteneh Endashaw,M,8,2D
Bilen Mekete Gebre,F,8,2D
Bitania Masresha Getachew,F,7,2D
Daniel Mekonnin Garedew,M,8,2D
Edna Ashebir Demisse,F,8,2D
Edom Alemu Mengesha,F,9,2D
Elbana Wubishet Getahun,F,8,2D
Eldana Gebeyehu Deneke,F,8,2D
Eldana Million Fikadu,F,8,2D
Elroe Amare Tefera,F,8,2D
Emily Yohannis Abebe,F,8,2D
Fikir Ayele Ashenafi,F,8,2D
Hanan Mohammedaman Adam,F,8,2D
Hananiel Girma Seifu,F,8,2D
Haset Abel Mengistu,F,9,2D
Ibrahim Muktar Reshad,M,8,2D
Leuel Gezahegn Wondafirash,M,8,2D
Mariyam Tilahun Haile,F,8,2D
Mariza Ashenafi Hailemariyam,F,8,2D
Matiyas Tadesse Mekash,M,8,2D
Meriyem Keyiredin Mohammed,F,9,2D
Mohammed Ali Negeso,M,8,2D
Monet Gemechis Amante,M,7,2D
Nahom Abinet Desalegn,M,8,2D
Nahomi Dawit Hailesilase,F,8,2D
Nanati Fuad Husen,F,8,2D
Nanati Samuel Mekonnin,F,7,2D
Nathan Getu Niguse,M,8,2D
Nuhamin Behailu Lakewu,F,9,2D
Rakeb Tagel Aboneh,F,8,2D
Ritaj Abdush Mohammed,F,7,2D
Sabir Mohammed Hassen,M,8,2D
Soliyana Ephrem Teshome,F,8,2D
Yeabsira Goliyad Kasim,M,8,2D
Yonathan Ermiyas Teshome,M,8,2D
Youzersif Abduljemil Hussen,M,8,2D
Yusra Abdulfetah Lalemdo,F,8,2D
Zerubabe Mulugeta Mammo,M,7,2D
Zowe Tadesse Sisay,F,7,2D
Nahom Firew Jaleta,M,8,2D
