fullname,sex,age,grade
Abigiya Tewodros Zebene,F,13,8A
Amanuel Asrat Kassahun,M,14,8A
Bereket Kebede Bejiga,M,13,8A
Besufekad Beriso Bedaso,M,14,8A
Bilen Seid Nuru,F,13,8A
Dawit Getachew Bekele,M,14,8A
Dibora Getachew Mengistu,F,14,8A
Entisar Miki Jemal,F,13,8A
Etsubdink Anteneh Mengistu,F,14,8A
Firdos Edris Mohammed,F,13,8A
Kaleab Kumneger Belete,M,13,8A
Kidus Ashenafi Mihretu,M,14,8A
Liham Seare Mihirteab,F,13,8A
Mahifuz Ahimed Hussien,M,14,8A
Mikiyas Getachew Gobeze,M,14,8A
Mohammed Aregaw Adem,M,15,8A
Mohammed Sofiyan Abdulahi,M,14,8A
Nathan Girma G/Wold,M,13,8A
Nathan Seare Mihireteab,M,13,8A
Neyma Seyifedin Kedir,F,14,8A
Nuhamin Geset,F,14,8A
Rakeb Dagmawi Girma,F,13,8A
Rediet Getachew Hailu,F,14,8A
Rihana Akimel Sirgaga,F,14,8A
Ruhama Mekonnin Kebede,F,13,8A
Salem Anteneh Birhanu,M,13,8A
Sami Girma Mulat,M,13,8A
Sara Tisase Amde,F,15,8A
Sebaif Hussen Ali,M,14,8A
Sena Lema Jima,F,13,8A
Wendimeneh Dawit Sinke,M,13,8A
Yahya Awel Nigusse,M,14,8A
Yasmin Yasin Husen,F,13,8A
Yishak Abreham Abebe,M,14,8A
Yunus Faruk Anwar,M,14,8A
Abdurahman Mubarek Sherefa,M,14,8B
Abigiya Sileshi Kebede,F,13,8B
Ahmed Mohammed Seid,M,14,8B
Amanawit Asrat Kasahun,F,14,8B
Ammar Akebo Mohammed,M,14,8B
Anan Fetene Regasa,F,13,8B
Asanti Worku Edao,F,13,8B
Bethelihem Ephrem Mammo,F,14,8B
Bethlehem Mamo Muluneh,F,13,8B
Betselot Melaku Tefera,M,13,8B
Bikila Bedaso Mekonnin,M,13,8B
Bilen Abera Tsegaw,F,14,8B
Biniyam Getu Niguse,M,13,8B
Bitaniya Mesfin Asfaw,F,13,8B
Edilawit Sisay Tilahun,F,14,8B
Edom Shegnew Tesfaye,F,13,8B
Eyosiyas Getachew Regassa,M,14,8B
Eyuel Miskir Gebre,M,14,8B
Fenet Siraj Abdo ,F,13,8B
Kalkidan Wondimu Ayele,F,14,8B
Kenean Abebe Tadesse,F,13,8B
Kibreab Yared Kassa,M,14,8B
Lidiya Maeregu Tesfaye,F,13,8B
Mahlet Demisew Taye,F,13,8B
Mayan Niguse Alemu,F,14,8B
Mieraf Mintesnot Mokiro,F,13,8B
Muhammedamin Mahammud Mohammed,M,14,8B
Naboni Getachew Dame,M,13,8B
Nanati Daba Ijara,F,13,8B
Nathnael Habtamu Aboye,M,13,8B
Nolawit Girum Alemayehu,F,13,8B
Nuhamin Alemayehu Negash,F,13,8B
Rinad Sied Abdo,F,14,8B
Rinas Mohammed Nejash,F,14,8B
Selamawit Yakob Asfaw,F,13,8B
Sitra Essaw Yishak,F,14,8B
Sumeya Abduljebar Abdurhaman,F,14,8B
Yasmin Jafer Juhar,F,14,8B
Yasmin Mohammed Hassen,F,13,8B
Tsion Kasa,F,13,8B
