fullname,sex,age,grade
Abdulmusin Ziyad Hajiumer,M,13,6A
Abimelik Elias M/Tsiedk,M,11,6A
Adoniyas Mekibib Lidat,M,12,6A
Amen Daniel Legesse,F,11,6A
Amerti Tadele Shigute,F,11,6A
Amir Abadir Umer,M,12,6A
Ansif Alemayehu Negash,F,11,6A
Bersabe Taye Gugsa,F,11,6A
Biniyam Mesfin Hailu,M,11,6A
Christian Serawudink Teshome,F,11,6A
Dagim Temeleket Giyon,M,11,6A
Econia Yohannes Abebe,F,11,6A
Edlawit Eliyas Lema,F,13,6A
Ermiyas Tadesse Hiluf,M,11,6A
Faya Mamush Hawas,F,11,6A
Fenet Olani Nikus,F,11,6A
Fikiremariam Sileshi Alamirew,M,11,6A
Firdosa Ziyad Hajiumer,F,14,6A
Habib Ammi Monzer,M,11,6A
Hajira Saladin Usman,F,13,6A
Hanan Hussen Ali,F,11,6A
Harun Sefa Hayiredin,M,12,6A
Hiyab Tadele G/Mariam,F,12,6A
Hulud Anwar Jemal,F,12,6A
Kalkidan Moges Welela,F,11,6A
Kirubel Alemayehu Taye,M,12,6A
Meklit Melese Delesa,F,12,6A
Melat Deribe Regesa,F,11,6A
Milkiyas Feyissa Fikadu,M,11,6A
Naol Zelalem Bekele,M,11,6A
Nardos Biruk Amansisa,F,11,6A
Nardos Rega Medekesa,F,11,6A
Nathnael Asnake Adugna,M,13,6A
Nathnael Getahun H/Mariam,M,12,6A
Reyan Arebu Aman,M,11,6A
Reyan Solomon Tullu,M,12,6A
Saron Yakob Asfaw,F,12,6A
Semer Nurhussien Seid,F,11,6A
Sifen Ibrahim Aman,F,12,6A
Simersen Tadele Shigute,F,11,6A
Soliyana Mahari Nigusse,F,11,6A
Tinsae Sintayehu Mandefro,M,11,6A
Tiyobista Fitum Mana,F,12,6A
Umer Kedir Achalu,M,11,6A
Yanet Mengistu Bayisa,M,12,6A
Yanet Wondafirash Getachew,F,12,6A
Yehewnisi Damena Demise,M,11,6A
Yididiya Taye Gulilat,F,12,6A
Yoas Kassahun Alemu,F,11,6A
Yusuf Meki Sani,M,13,6A
Zelalem Temesgan Mamo,M,11,6A
Abdulaziz Ahmed A/Hakim,M,12,6B
Abigel Tomas Akililu,F,12,6B
Adem Aregaw Adem,M,13,6B
Adonay Mesfin Amente,M,11,6B
Ahnaf Mubarek Sherefa,M,13,6B
Amen Predrag Ilic,F,12,6B
Arsemawit Abinet Wolde,F,13,6B
Barkot Samson Kassa,M,11,6B
Beamlak Eskinder Tasew,M,12,6B
Daniel Bekele Terefe,M,12,6B
Edilawit Shawul Getachew,F,11,6B
Evana Admasu Mersha,F,12,6B
Eyosiyas Mulugeta Abiche,M,11,6B
Ezana Mesfin Legesse,M,11,6B
Hamersen Esayas Mekonnin,M,12,6B
Hana Mahammednur Ali,F,14,6B
Hawud Yimer Muher,M,12,6B
Hayat Mohammed Beker,F,15,6B
Huzeyifa Zakir Ali,M,12,6B
Iman Sherefa Seid,F,10,6B
Kenaket Korsa Lemesa,M,11,6B
Markan Birhanu Tiruneh,F,11,6B
Mekiya Beriso Tunka,F,12,6B
Merjan Teha Abrar,M,12,6B
Mireteab Mekonnin Kebede,M,13,6B
Nahom Getu Tsega,M,11,6B
Nahom Said Nuru,M,11,6B
Nathan Minas Defar,M,11,6B
Nathanim Sewunet Girma,M,12,6B
Nimona Tadele Zewude,F,11,6B
Nuhamin Tamirat Dadi,F,12,6B
Nuniyat Melkamu Sime,F,12,6B
Obsinet Biniyam G/Meskel,F,11,6B
Raeiy G/Meskel G/Medhin,M,14,6B
Sebrina Ahmed Jemal,F,12,6B
Selam Tsegaye Tamene,F,12,6B
Soliyana Abinet Kifle,F,11,6B
Soliyana Tariku Muleta,F,12,6B
Tinsae Abera Agonafir,F,12,6B
Tinsae Shimelis Tefera,F,12,6B
Urji Ab/Basit Jeilan,F,12,6B
Yafet Addis Tilahun,M,12,6B
Yazid Yahiya Nuri,M,12,6B
Yerosen Hailu Lechisa,M,11,6B
Yididiya Endale G/Mariam,F,12,6B
Yodahe Amanuel Esayas,M,12,6B
Zetseat Simon Samuel,M,11,6B
Imran Bayem,M,11,6B
