fullname,sex,age,grade
Abdulnasir Usman Kedir,M,10,4A
Adil Gowsi Adem,M,10,4A
Adinan Mustefa Aman,M,10,4A
Amanti Jemal Kedir,M,9,4A
Amaturahman Jemal Hayato,F,10,4A
Asma Abdela Musa,F,10,4A
Ayisha Abdo Komicho,F,10,4A
Bemenet Fayisa Guluma,F,12,4A
Bereket Endalkachew Meskelu,M,11,4A
Efnan Ahmedin Adem,F,10,4A
Eilil Hassen Demisie,F,10,4A
Faruk Abdi Yimam,M,10,4A
Fenet Yusuf Tuke,F,10,4A
Firaol Mamuye Wami,M,10,4A
Fleber Suleyman Gebi,F,10,4A
Hayat Abduraman Rube,F,10,4A
Jenenus Daniel Bekele,M,9,4A
Jenenus Hailu Lami,M,10,4A
Kefaya Sofumer Abdurazak,F,10,4A
Kena Kebede Balcha,F,10,4A
Kortu Gemechu Yadetu,F,11,4A
Leman Ziyad Muktar,F,10,4A
Meklit Andualem Alemu,F,10,4A
Mohammed Selhadin Usman,M,11,4A
Nanati Abdala Rabo,F,9,4A
Nanati Ahmed Ketebo,F,10,4A
Naol Keno Jirata,M,10,4A
Neima Fedil Ali,F,9,4A
Niya Kedir Teji,F,10,4A
Rebira Tufa Abdisa,M,10,4A
Sifen Abebe Legese,F,10,4A
Sifen Bayisa Chala,F,10,4A
Sumeya Saladin Usman,F,10,4A
Abayinesh Behailu Asefa,F,10,4B
Abigiya Kassahun Alemu,F,11,4B
Abigiya Tesfaye Genemo,F,9,4B
Adonay Ashenafi Jida,M,11,4B
Alazar Worku Genet,M,11,4B
Amisiyas Belay Birhane,M,10,4B
Bamlak Gediyon Ayele,F,11,4B
Bamlak Olani Nikus,F,4,4B
Bereket Girma Bekele,M,10,4B
Bethelihem Dessalegn Tizazu,F,10,4B
Bilen Tesfaye Goshime,F,10,4B
Dagim Getahun Bekele,M,10,4B
Danawit Eseyew Gosa,F,9,4B
Edilawit Sisay Belete,F,9,4B
Elbetel Wondmagegn Abera,M,10,4B
Eldana Seifu Girma,F,10,4B
Eliyana Anteneh Mengistu,F,10,4B
Enkusilase Michael Mamo,M,10,4B
Evan Dula Tesfaye,F,10,4B
Eyob Tesfaye Asefa,M,11,4B
Eyuel Yehalashet Jembere,M,10,4B
Fikir Getachew Regasa,M,10,4B
Fikir Kefyalew Taye,M,9,4B
Furdos Bilal Nesiro,F,10,4B
Girum Sendeku Mesfin,M,10,4B
Liyu Solomon Mokonin,F,9,4B
Meklit Tewodros Zenebe,F,10,4B
Merwa Seyifedin Kedir,F,10,4B
Nanati Abadir Umer,F,10,4B
Raji Kelbesa Edeti,M,10,4B
Reyan Mohammed Nejash,M,9,4B
Samuel Tamirat Dadi,M,10,4B
Samuel Wubshet Asamnew,M,10,4B
Saron Wegayehu Sisay,F,11,4B
Semer Yusuf Hussen,M,9,4B
Sena Awol Ahmed,F,10,4B
Soliyana Solomon Soressa,F,10,4B
Tumim Bikila Diriba,F,11,4B
Yafet Gebeyehu Deneke,M,10,4B
Yanet Tomas Lulu,F,9,4B
Zerubabel Nigatu Tufa,M,10,4B
Abigiya Taye Gulilat,F,10,4C
Akram Yassin Ibrahim,M,10,4C
Amen Demeke Tadesse,M,10,4C
Amin Yihun Belay,F,9,4C
Bereket Girum Sime,M,10,4C
Bilal Mohammed Beker,M,11,4C
Bisrat Girma Belachew,M,10,4C
Eklima Muhamud Mohammed,F,10,4C
Eliyana Lieul G/Hiwot,F,10,4C
Elsabet Wubshet Tadesse,F,10,4C
Faris Dawit Afework,M,10,4C
Fenan Mohammed Kurkura,F,9,4C
Hemen Demelash Zerihun,F,10,4C
Kirubel Dawit Sinke,M,11,4C
Leul Girma Moges,M,10,4C
Lidiya Tilahun Girma,F,9,4C
Mahir Nur Ahmed,M,10,4C
Maranata Hussen Abi,F,10,4C
Megfira Keyiredin Mohammed,F,10,4C
Melek Mohammed Seid,F,10,4C
Merwan Mohammed Seid,M,10,4C
Musse Romiyo Hailu,M,10,4C
Nahom Tilahun Disasa,M,9,4C
Naol Tola Dubay,M,10,4C
Neamin Melkamu Sime,M,9,4C
Nebil Delil Ture,M,10,4C
Nimona Mengistu Bayissa,M,9,4C
Noha Tsegaye Demeke,M,10,4C
Reeham Mohammed Kiyar,F,9,4C
Rahma Fetihi Yusuf,F,9,4C
Riham Ahmedin Ferejo,F,10,4C
Rihana Abdulaziz Nasir,F,10,4C
Ruth Aklilu Aregay,F,10,4C
Samuel Daniel Gelgela,M,10,4C
Saron Markos Mekonnin,F,10,4C
Sumeya Misbah Abdurhaman,F,10,4C
Surafel Dawit Senke,M,11,4C
Tsinufikir Tesfamikael Liul,M,9,4C
Usman Shafi Hassen,M,9,4C
Yelibe Ibrahim Wendmnew,F,10,4C
Yididiya Taye Gugsa,F,10,4C
Yoseph Adefris Kifle,M,10,4C
Abdulfeta Mohammed Mustefa,M,9,4D
Akiya Samuel Tesgaye,M,10,4D
Aminadab Alemayehu Kassahun,M,10,4D
Atiyosia Mesfin Gezahegn,F,9,4D
Bamlak Asnake Adugna,F,10,4D
Barkot Zenebe Kebede,M,9,4D
Biruk Beriso Bedasso,M,10,4D
Bitaniya Tewodros Daba,F,9,4D
Derartu Bedaso Mekonnin,F,10,4D
Edlawit Alemu Asefa,F,10,4D
Efrata Befkadu Keno,F,9,4D
Eklas Mohammed Hafiz,F,11,4D
Eldana Ephrem Sharew,F,9,4D
Eliyana Dagim Alemayehu,M,10,4D
Fenet Adugna Derara,M,11,4D
Fikireab Belay Birhanu,M,10,4D
Hayat Mubarek Shewarega,F,10,4D
Hikima Awol Mohammed,F,11,4D
Kaleab Animut Yitayih,M,11,4D
Kalid Kedir Mohammed,M,10,4D
Meklit Abay Kassa,F,9,4D
Meshia Mubarek Hussen,F,10,4D
Nahili Birhanu Bekele,F,9,4D
Nahom Ashebir Made,M,10,4D
Nahom Eshetu Tefera,M,10,4D
Nahom Nigus Mengesha,M,10,4D
Nahom Samson Tasew,M,10,4D
Nathnael Beyene Lemma,M,10,4D
Nazrawi Abera Abate,M,10,4D
Saron Daniel Tesfaye,F,9,4D
Saron Teshome Dire,F,10,4D
Sead Mubarek Sherefa,M,10,4D
Soliyana Birhanu Bergena,F,10,4D
Sophiyan Daniel Ashagire,F,10,4D
Tesnim Ebrahim Awel,F,10,4D
Yafet Aschalew Zelalem,M,11,4D
Yeyishak Meaza Kebede,M,10,4D
Yonas Masresha Getachew,M,10,4D
Yumna Yassin Ibrahim,F,10,4D
Zablon Ketema Melese,M,10,4D
