fullname,sex,age,grade
Afnan Jemal Hayato,F,7,1A
Aliya Saladin Usman,F,8,1A
Arafat Tofik Yonis,F,7,1A
Ayub Abdulkadir Abdulahi,M,7,1A
Beka Hassen Uka,M,7,1A
Bekan Bezu Tefera,M,7,1A
Biftu Gemechu Wodajo,F,7,1A
Bilisuma Yusuf Tuke,F,7,1A
Daniya Mohammed Seid,F,7,1A
Ekram Ab/Jelil Mustefa ,F,7,1A
Fileber Degu Tilahun,F,7,1A
Hamdi Hakim Yusuf,M,7,1A
Hawi Buzayehu Tufa,F,7,1A
Heran Mulualem Tesfaye,F,8,1A
Hidaya Zahir Michael,F,8,1A
Hiluwa Mohammednur Jemal,F,7,1A
Hunde Dadi Gelashe,M,7,1A
Huzeyfa Abduselam Bekele,M,7,1A
Iman Riyad Mohammed,F,7,1A
Kanahiriyan Seifu Tesfaye,M,6,1A
Kenael Abdisa Taddese,M,7,1A
Lensa Emiru Oljira,F,9,1A
Milki Keno Jirata,M,6,1A
Moenaf Chala Hailu,M,7,1A
Mohinaf Aliyi Abdela,M,6,1A
Nafkun Samson Kifle,M,8,1A
Naftoli Tadele Abdi,M,7,1A
Narobica Atinafu Eliyas,F,7,1A
Nathan Shibiru Ayalew,M,7,1A
Natoli Sura Tamiru,M,7,1A
Nimoti Ziyad Muktar,F,7,1A
Olbirat Admasu Gure,M,7,1A
Rebsan Abebe Legese,M,7,1A
Rihana Mohammed Ahmed,F,7,1A
Rushida Chechebsa Mohammed,F,7,1A
Samuel Gudisa Bayeta,M,8,1A
Segni Habtamu Abdeta,M,6,1A
Shehad Nasir Mohammed,F,8,1A
Simale Diriba Bayecha,F,7,1A
Simbo Habtamu Bulti,F,7,1A
Yasmin Abdujebar Muktar,F,7,1A
Yeron Kokeb Aklilu,M,8,1A
Abel Solomon Alemayehu,M,7,1B
Abenezer Henok Tadesse,M,7,1B
Akiya Birhanu Bergena,M,7,1B
Akiyama Biniyam Shemalis,M,8,1B
Amar Jemal Detamo,M,7,1B
Amiha Weldu Anbese,F,7,1B
Atinaf Abiyot Abera,M,8,1B
Ayesem Almehadi Danur,M,8,1B
Elan Belete Sisay,F,7,1B
Elbetal Alefe Girma,F,7,1B
Emanda Buzuneh Abebe,F,7,1B
Emran Elias Sime,M,7,1B
Hani Suleyman Mohammed,F,7,1B
Haset Mehari Nigusie,F,7,1B
Hundaol Urgessa Debela,M,8,1B
Kalkidan Abera Tsegaw,F,7,1B
Kenean Gezahegn Kebede,M,7,1B
Mahder Zerihun Yidnekachew,F,7,1B
Maramawit Wegene Dadi,F,6,1B
Mariyana Biniyam Wake,F,7,1B
Mariyana Sisay Balete,F,7,1B
Markan Sisay Belete,F,7,1B
Markonal Tewodros Gezahegn,M,6,1B
Nathan Neway Werkineh,M,6,1B
Nathanim Tesfamikael Liul,M,7,1B
Nathnael Muluken Demisie,M,7,1B
Niftalem Shewangizaw Adamu,M,7,1B
Reyan Teha Awel,M,4,1B
Samuel Solomon Ashagire,M,7,1B
Sara Hunagnaw Kebede,F,7,1B
Saron Fikru Bekele,F,7,1B
Segni Dereje Beyene,M,7,1B
Semehal Abiti Teferi,F,7,1B
Semir Abduneim Mussa,M,7,1B
Shihad Mohammed Abdi,F,7,1B
Soliyana Dawit Asefa,F,7,1B
Tinsae Debebe Leta,M,7,1B
Umer Ammi Monzer,M,6,1B
Yeamanuel Serawudink Teshome,M,7,1B
Yearsema Dejene Girma,F,7,1B
Yenenesh Hailegiorgis Tefera,F,7,1B
Yididiya Asrat Birhanu,F,7,1B
Yoadan Amare Agagnew,F,6,1B
Absalat Yonathan Redi,F,7,1C
Adonay Yohannis Fantu,M,7,1C
Akiya Solomon Abera,M,7,1C
Alazar Habtamu Mekonnin,M,7,1C
Amen Ephrem Tesfaye,F,7,1C
Bersabeh Solomon Ejersa,F,7,1C
Biniyamin Alyu Nasir,M,6,1C
Chirstiyan Andualem Chala,F,7,1C
Dagmawit Shawul Getachew,F,7,1C
Eldana Mamaru Zayin,F,6,1C
Elroe Desalegn Amele,F,7,1C
Ewinet Zelalem Tamiru,F,7,1C
Fenet Dereje Geda,F,7,1C
Fenet Tesfaye Kebede,F,7,1C
Habsan Jemal Seid,F,7,1C
Hajer Kasim Ibrahim,F,7,1C
Hasset Seare Mihiretab,F,7,1C
Hawi Nebiyu Daniel,F,7,1C
Heldana Girma Gebre,F,7,1C
Hilina Kefiyalew Getu,F,10,1C
Inaya Shafi Hassen,F,7,1C
Keti Dereje Benti,F,7,1C
Kidusan Getachew Areda,M,7,1C
Mahir Mahmmud Ali,M,7,1C
Mariya Kebede Getahun,F,7,1C
Markan Bereket Shibire ,F,7,1C
Markon Behailu Alemayehu,M,7,1C
Markonal Samson Kassa,M,7,1C
Marwa Mehammud Mohammed,F,7,1C
Nahom Aklilu Aregay,M,7,1C
Nathan Lijalem Demmisse,M,7,1C
Nathanem Afrika Beto,M,7,1C
Nathanim Behailu Wendimu,M,7,1C
Nathanim Wegayehu Sisay,M,8,1C
Salih Zakir Ali,M,6,1C
Tsion Tesfaye Goshime,F,7,1C
Wildan Bahudin Mohammed,F,6,1C
Yasmin Abdurhaman Ahmedin,F,7,1C
Yerosen Dejene Gemechu,M,8,1C
Yohanan Beniyam Tesfaye,F,7,1C
Yohannis Solomon Gelan,M,7,1C
Yusra Zakir Ali,F,6,1C
Niamin Beyene Getenet,M,7,1C
Abdurahman Anwar Jemal,M,8,1D
Abigiya Tewodros Ketema,F,7,1D
Adoniyas Demelash Zerihun,M,7,1D
Afiya Ab/Menan Murad,F,7,1D
Afomia Asefa Seboka,F,7,1D
Akiya Asnake Adugna,M,7,1D
Alen Biruk Teshome,F,7,1D
Amanuel Wondmagegn Abera,M,7,1D
Amar Feysel Jundi,M,7,1D
Amen Demelash Nega,F,7,1D
Arsema Zerihun Tekleyes,F,7,1D
Barkon Asefa Nimani,M,7,1D
Barkonal Abinet Wolde,M,7,1D
Beniyas Zewdu Kassa,M,7,1D
Bethel Girma Abebe,F,7,1D
Bisratgebreal Sileshi Alamiraw,M,7,1D
Dawit Mengistu Lelisa,M,7,1D
Efrata Abinet Kifle,F,7,1D
Eldad Wondosen Eshetu,M,7,1D
Eldana Ukubay Meles,F,6,1D
Elilta Asrat Jember,F,8,1D
Ephrata Ephrem Sharew,F,7,1D
Fikir Matewos Bambilu,M,7,1D
Henok Zewdu Tefera,M,7,1D
Hermon Eshetu Tefera,F,7,1D
Hermon Gezahegn Mengistu,F,7,1D
Hikma Yousuf Juhar,F,7,1D
Kebron Yohannes Tadesse,F,7,1D
Kenean Teresa Kisi,F,7,1D
Lewi Tilahun Disasa,M,6,1D
Lina Teliha Seman,F,7,1D
Mahi Essaw Yishak,M,7,1D
Maya Demeke Fekadu ,F,8,1D
Maya Girma Moges,F,7,1D
Melese Mulugeta Hadush,M,8,1D
Musab Rediwan Amin,M,7,1D
Nahom Anbese Tilahun,M,8,1D
Nathan Shimondi T/Mariyam,M,7,1D
Nathanim Endalkachew Bekele,F,7,1D
Nefsif Takele Idosa,M,8,1D
Rezan Bahredin Redi,M,7,1D
Yeabsira Belete Getoch,M,6,1D
Yonael Fetene Gurmu,M,7,1D
